Epoch,train_loss_tcga_quantum_1000_epochs_20251209_161618,val_loss_tcga_quantum_1000_epochs_20251209_161618,accuracy_tcga_quantum_1000_epochs_20251209_161618
0,3.4777894616127014,3.451129118601481,0.030026087537407875
1,3.3510289430618285,3.2948545614878335,0.03019285760819912
2,3.303865385055542,3.2214061419169107,0.047712914645671844
3,3.269479179382324,3.2245307763417563,0.04874419793486595
4,3.2449820399284364,3.192700465520223,0.04147494584321976
5,3.2453665852546694,3.207451025644938,0.0484653003513813
6,3.2280513644218445,3.1790170669555664,0.045877695083618164
7,3.206623578071594,3.174677054087321,0.04688779637217522
8,3.206682252883911,3.25840171178182,0.05281298980116844
9,3.1968457221984865,3.1467756430308023,0.05506787821650505
10,3.183018887042999,3.1550704638163247,0.05257372558116913
11,3.191055679321289,3.191078503926595,0.051955677568912506
12,4.168821692466736,4.075602451960246,0.03030303120613098
13,3.8659119725227358,3.5063656171162925,0.02914406545460224
14,3.506265366077423,3.483623822530111,0.026634734123945236
15,3.393511343002319,3.3600920836130777,0.030012967064976692
16,3.337823581695557,3.3196933269500732,0.04669509083032608
17,3.29414359331131,3.250981171925863,0.0363636389374733
18,3.253321099281311,3.203684171040853,0.045754846185445786
19,3.231694686412811,3.2058608531951904,0.04613456130027771
20,3.219143879413605,3.171679735183716,0.04421629384160042
21,3.2021588921546935,3.167781670888265,0.04661479592323303
22,3.2072566151618958,3.1907652219136557,0.04766584932804108
23,3.2009084701538084,3.2274766763051352,0.0459807813167572
24,3.210766053199768,3.197871685028076,0.04564564675092697
25,3.204194927215576,3.1861513455708823,0.0636802464723587
26,3.1975052833557127,3.150657812754313,0.04578835144639015
27,3.1917829871177674,3.162482261657715,0.048435136675834656
28,3.197762405872345,3.204724073410034,0.05687057226896286
29,3.2077777862548826,3.1547933419545493,0.04776737093925476
30,3.197955048084259,3.1421844164530435,0.06026972830295563
31,3.1976016998291015,3.1439410050710044,0.04622412472963333
32,3.190989673137665,3.186143159866333,0.04948130249977112
33,3.1909534692764283,3.1668341954549155,0.048170898109674454
34,3.1939102172851563,3.2152043183644614,0.047236934304237366
35,3.1901195526123045,3.146003484725952,0.04593849927186966
36,3.187450885772705,3.178980588912964,0.044716089963912964
37,3.191973257064819,3.2043254375457764,0.05159718170762062
38,3.178440046310425,3.1562023162841797,0.04577361419796944
39,3.1882073044776917,3.1755433877309165,0.04882544279098511
40,3.1841261863708494,3.1734887758890786,0.05153021216392517
41,3.1861507534980773,3.1855955918629966,0.04726255312561989
42,3.1998881459236146,3.1603082021077475,0.0454818457365036
43,3.184679317474365,3.198502699534098,0.04695604741573334
44,3.201794421672821,3.199075778325399,0.059521764516830444
45,3.199439215660095,3.161794344584147,0.050341248512268066
46,3.1946189284324644,3.1564289728800454,0.04894889146089554
47,3.205614387989044,3.168678601582845,0.04711984843015671
48,3.193883943557739,3.294264554977417,0.036599770188331604
49,3.2488219857215883,3.2271579106648765,0.04946823790669441
50,3.227525806427002,3.2095954418182373,0.04934852197766304
51,3.196661925315857,3.158444960912069,0.06203283369541168
52,3.1791921257972717,3.1507837772369385,0.05497633293271065
53,3.1867382407188414,3.1953516006469727,0.04794856160879135
54,3.2027186870574953,3.153443972269694,0.05181962996721268
55,3.190655601024628,3.178837696711222,0.05937880277633667
56,3.1896639227867127,3.2080535093943277,0.047856949269771576
57,3.189572846889496,3.1687351067860923,0.06281488388776779
58,3.1750001668930055,3.156878391901652,0.05610279738903046
59,3.171733283996582,3.2106136480967202,0.0509207546710968
60,3.182959282398224,3.1704888343811035,0.054705534130334854
61,3.1913164615631104,3.2255238691965737,0.045278336852788925
62,3.182857573032379,3.1476967334747314,0.051682718098163605
63,3.181819498538971,3.1729517777760825,0.05234656482934952
64,3.1809688329696657,3.2231300671895347,0.04587025195360184
65,3.1993265748023987,3.1463802655537925,0.05129551142454147
66,3.212369918823242,3.1750908692677817,0.050647757947444916
67,3.1939321041107176,3.1558976968129477,0.052443355321884155
68,3.182736265659332,3.1420133908589682,0.053243741393089294
69,3.1739851236343384,3.1692662239074707,0.052169591188430786
70,3.1837210059165955,3.160828431447347,0.05736852437257767
71,3.171615993976593,3.1872928937276206,0.05140036717057228
72,3.186697316169739,3.195945421854655,0.05945917218923569
73,3.181605613231659,3.2060718536376953,0.05818008631467819
74,3.181774604320526,3.147240241368612,0.060500625520944595
75,3.163979470729828,3.1418143113454184,0.05467335507273674
76,3.172835445404053,3.138856808344523,0.08456069231033325
77,3.1812828540802003,3.143597682317098,0.05912477895617485
78,3.1734872698783874,3.1356325149536133,0.05405106395483017
79,3.175030565261841,3.132343610127767,0.07073892652988434
80,3.1851700067520143,3.127983490626017,0.05234656482934952
81,3.1885998606681825,3.1530357201894126,0.0704251304268837
82,3.1932123422622682,3.1788008213043213,0.05363710969686508
83,3.189409875869751,3.1955235799153647,0.08116281032562256
84,3.1931307435035707,3.1603756745656333,0.07285917550325394
85,3.1659618496894835,3.146591901779175,0.059203460812568665
86,3.166931915283203,3.1260032653808594,0.05288121849298477
87,3.155212700366974,3.142573595046997,0.054838310927152634
88,3.167502427101135,3.160494248072306,0.0613710954785347
89,3.163138818740845,3.195019006729126,0.07512672990560532
90,3.1752294659614564,3.1942938963572183,0.0524892695248127
91,3.1597536206245422,3.145256519317627,0.07647110521793365
92,3.1549619913101195,3.208759148915609,0.05282282456755638
93,3.163387131690979,3.136598269144694,0.06145910173654556
94,3.163015615940094,3.145758310953776,0.0603913851082325
95,3.160859739780426,3.164384206136068,0.06457141041755676
96,3.159056913852692,3.168119271596273,0.07833600044250488
97,3.1797935605049132,3.1557164986928306,0.05166468769311905
98,3.1781028151512145,3.1979811986287436,0.05075482651591301
99,3.175432276725769,3.1817018191019693,0.06900431215763092
100,3.1601051449775697,3.1359108289082847,0.06028909981250763
101,3.160827946662903,3.1880009174346924,0.05421317368745804
102,3.164572739601135,3.19270928700765,0.05112753063440323
103,3.149804961681366,3.1323300997416177,0.055853694677352905
104,3.167813777923584,3.224947373072306,0.06190413236618042
105,3.1715096473693847,3.164092540740967,0.07004665583372116
106,3.2964122176170347,3.2690601348876953,0.06430118530988693
107,4.420252346992493,4.7318956057230634,0.03030303120613098
108,5.50146975517273,6.243039449055989,0.03953351825475693
109,6.020208191871643,7.604268868764241,0.03030303120613098
110,7.118026661872864,5.24486509958903,0.02895134501159191
111,7.185384821891785,7.696636041005452,0.03030303120613098
112,6.069690537452698,5.431824525197347,0.02803577482700348
113,6.222964787483216,5.171298185984294,0.028520498424768448
114,6.227743864059448,5.611829916636149,0.030486686155200005
115,4.618895280361175,3.791928211847941,0.02893219143152237
116,3.559155511856079,3.4505019982655845,0.03289405256509781
117,3.3705580472946166,3.293751080830892,0.02941351756453514
118,3.3096076369285585,3.2570218245188394,0.033046744763851166
119,3.2863611578941345,3.259056011835734,0.030808081850409508
120,3.284008729457855,3.2588815689086914,0.03030303120613098
121,3.2670923471450806,3.2471455732981362,0.03434343636035919
122,3.267054831981659,3.2481187184651694,0.03986635059118271
123,3.258219277858734,3.2048203150431314,0.046464648097753525
124,3.241757392883301,3.2246292432149253,0.04444444552063942
125,3.230485808849335,3.1958221594492593,0.04393939673900604
126,3.2277010083198547,3.1780222256978354,0.04828009754419327
127,3.212626802921295,3.157287915547689,0.04987715184688568
128,3.206481063365936,3.185769240061442,0.05117017775774002
129,3.2085843205451967,3.167857567469279,0.04964509978890419
130,3.1969356536865234,3.1786500612894693,0.05015014857053757
131,3.2027602553367616,3.1793131033579507,0.04803143069148064
132,3.1884161949157717,3.1776060263315835,0.049180999398231506
133,3.1854366302490233,3.1552703380584717,0.049372099339962006
134,3.181080627441406,3.153008063634237,0.05116025358438492
135,3.1802298784255982,3.1430946985880532,0.05198382958769798
136,3.1749563574790955,3.151397705078125,0.05028541013598442
137,3.1808147549629213,3.1486616929372153,0.04973940923810005
138,3.1727728247642517,3.160154422124227,0.05213325470685959
139,3.1719403982162477,3.1611289978027344,0.05181296914815903
140,3.1702255487442015,3.14251708984375,0.05347604304552078
141,3.1712122678756716,3.155034065246582,0.048170898109674454
142,3.1698400020599364,3.154005765914917,0.05290745198726654
143,3.163503634929657,3.1478575070699057,0.050161443650722504
144,3.1680501222610475,3.1734920342763266,0.05704980716109276
145,3.158891022205353,3.136390527089437,0.048048049211502075
146,3.1566057801246643,3.13692569732666,0.06500965356826782
147,3.157750141620636,3.148349126180013,0.05768495798110962
148,3.1528043389320373,3.14038356145223,0.04964509978890419
149,3.154424238204956,3.158026854197184,0.05038920044898987
150,3.1623501658439634,3.1906278928120932,0.05635346099734306
151,3.165058469772339,3.1836639245351157,0.06506961584091187
152,3.1580869793891906,3.1562298933664956,0.0685640200972557
153,3.153914749622345,3.1507431666056314,0.06646563857793808
154,3.14323753118515,3.1510788599650064,0.0618990883231163
155,3.1576084971427916,3.139655272165934,0.06052416190505028
156,3.1567713975906373,3.158061424891154,0.05121249705553055
157,3.155194139480591,3.1351959705352783,0.07456150650978088
158,3.15811927318573,3.162668307622274,0.07075795531272888
159,3.1507601141929626,3.1241584618886313,0.06984712183475494
160,3.154015839099884,3.1369450092315674,0.07284622639417648
161,3.1590890884399414,3.1284780502319336,0.07011400163173676
162,3.1585747241973876,3.139714479446411,0.06896097958087921
163,3.1526235222816466,3.12530525525411,0.08004944026470184
164,3.149420976638794,3.1201111475626626,0.05863310024142265
165,3.148090362548828,3.114910284678141,0.077562615275383
166,3.1552180886268615,3.1322747071584067,0.07236459851264954
167,3.1464933514595033,3.1279350916544595,0.07227325439453125
168,3.1441452145576476,3.1260338624318442,0.060637541115283966
169,3.1532156825065614,3.089645783106486,0.07401666790246964
170,3.150068461894989,3.131336291631063,0.0551045760512352
171,3.1463027954101563,3.137831131617228,0.06558747589588165
172,3.1595574975013734,3.120995203653971,0.05991071090102196
173,3.1557430148124697,3.117499589920044,0.05022814869880676
174,3.159646999835968,3.12327249844869,0.0799705907702446
175,3.1445709586143495,3.1185644467671714,0.0789935365319252
176,3.149600327014923,3.141465743382772,0.04849725961685181
177,3.1601611614227294,3.156522274017334,0.06366274505853653
178,3.1589173316955566,3.1410435835520425,0.07077033072710037
179,3.151384699344635,3.120312293370565,0.06777852773666382
180,3.1419806122779845,3.1319417158762612,0.06190968677401543
181,3.142571771144867,3.165018399556478,0.0664389580488205
182,3.1429827928543093,3.1186317602793374,0.06443427503108978
183,3.1383707523345947,3.1503512064615884,0.06777697801589966
184,3.157433867454529,3.130535046259562,0.08256680518388748
185,3.14138001203537,3.1334052880605063,0.06797900795936584
186,3.148398292064667,3.1443742911020913,0.07848137617111206
187,3.1513835430145263,3.1623572508494058,0.07508376240730286
188,3.1503502368927,3.1483179728190103,0.06984464079141617
189,3.1405290603637694,3.1578574975331626,0.07947024703025818
190,3.1318065762519836,3.1454104582468667,0.06983967125415802
191,3.1408424854278563,3.117045005162557,0.06993037462234497
192,3.1371708035469057,3.1433798472086587,0.06576328724622726
193,3.1387903690338135,3.1476717789967856,0.06177628040313721
194,3.154647719860077,3.1373292605082193,0.07836505025625229
195,3.1432251811027525,3.129072586695353,0.06600159406661987
196,3.1426661729812624,3.1577462355295816,0.07050710916519165
197,3.1408024191856385,3.1482632160186768,0.06007743254303932
198,3.1424893856048586,3.1668171882629395,0.06222296878695488
199,3.1537729144096374,3.1349790891011557,0.06546135246753693
200,3.1483583569526674,3.1440622806549072,0.06321819126605988
201,3.144560444355011,3.1345139344533286,0.05850395932793617
202,3.1550103783607484,3.1236770153045654,0.06309036910533905
203,3.1510279536247254,3.1593804359436035,0.07150828838348389
204,3.150788676738739,3.130409081776937,0.07806584984064102
205,3.1381669282913207,3.1429482301076255,0.0638640969991684
206,3.1426961064338683,3.1254501342773438,0.07404538244009018
207,3.1446988582611084,3.1471852461496987,0.0695054829120636
208,3.14659423828125,3.157303253809611,0.05853492021560669
209,3.169557285308838,3.112945238749186,0.06430135667324066
210,3.1480315685272218,3.200202544530233,0.062399961054325104
211,3.162926733493805,3.116450389226278,0.0731809139251709
212,3.1559770584106444,3.160270611445109,0.07054823637008667
213,3.14619437456131,3.1579343477884927,0.07081291079521179
214,3.142995834350586,3.1523903210957847,0.0918414294719696
215,3.1644162058830263,3.1665639877319336,0.06730392575263977
216,3.163341999053955,3.1577576796213784,0.06502814590930939
217,3.1638298988342286,3.149327039718628,0.07591964304447174
218,3.1680028200149537,3.15715225537618,0.07307611405849457
219,3.1578498482704163,3.1557520230611167,0.07655737549066544
220,3.156964874267578,3.147288958231608,0.07530410587787628
221,3.1534672379493713,3.1401835282643638,0.0768650621175766
222,3.1512205243110656,3.164365212122599,0.07663162797689438
223,3.1536293029785156,3.15936287244161,0.059503912925720215
224,3.1435355663299562,3.142918825149536,0.07132598012685776
225,3.1571115970611574,3.1770569483439126,0.06285833567380905
226,3.1560826897621155,3.182823657989502,0.06400279700756073
227,3.1471314311027525,3.178612152735392,0.06523849070072174
228,3.161567485332489,3.140681823094686,0.06799042224884033
229,3.1530748128890993,3.1678222020467124,0.07856284081935883
230,3.158959650993347,3.144472599029541,0.08022904396057129
231,3.14386533498764,3.149049997329712,0.06957411766052246
232,3.150587832927704,3.1384480794270835,0.07357712090015411
233,3.1560116052627563,3.178718010584513,0.07051585614681244
234,3.158656048774719,3.1486109097798667,0.06734739243984222
235,3.1555843710899354,3.1326334476470947,0.061909016221761703
236,3.1467166185379027,3.141159693400065,0.08359624445438385
237,3.145987558364868,3.1658236980438232,0.07267763465642929
238,3.1601467609405516,3.1613949139912925,0.055490896105766296
239,3.1538556575775147,3.1508290767669678,0.0821765586733818
240,3.1599255919456484,3.121018886566162,0.06120850890874863
241,3.1536463260650636,3.1512078444163003,0.05864262953400612
242,3.1670772194862367,3.1602274576822915,0.05443225055932999
243,3.1609890937805174,3.140254338582357,0.07544614374637604
244,3.152821159362793,3.1721155643463135,0.05221874639391899
245,3.164947736263275,3.158811092376709,0.055148735642433167
246,3.1686816930770876,3.1729617913564048,0.06977280974388123
247,3.15316903591156,3.1588741143544516,0.048048049211502075
248,3.1520633459091187,3.1365819772084556,0.0574098639190197
249,3.1485523104667665,3.170931657155355,0.047858111560344696
250,3.1486666083335875,3.1517508029937744,0.0523180216550827
251,3.142883002758026,3.1724068323771157,0.053729258477687836
252,3.137986183166504,3.1430261929829917,0.05656266212463379
253,3.138635814189911,3.1309093634287515,0.0817774161696434
254,3.153996241092682,3.1325084368387857,0.05145943909883499
255,3.148639607429504,3.1671233971913657,0.05094694346189499
256,3.14903929233551,3.11535636583964,0.06280184537172318
257,3.1346052289009094,3.1299550533294678,0.05692404508590698
258,3.1500670075416566,3.103065013885498,0.061941321939229965
259,3.151749086380005,3.10748028755188,0.06731157749891281
260,3.1468552470207216,3.130220969518026,0.07118518650531769
261,3.1643476605415346,3.144113063812256,0.08879096060991287
262,3.1481232762336733,3.1445697943369546,0.07206781208515167
263,3.149195909500122,3.190889755884806,0.06575088202953339
264,3.1550300478935243,3.1584195295969644,0.05403609201312065
265,3.147089087963104,3.177899440129598,0.060635749250650406
266,3.149706256389618,3.1396841208140054,0.07878708094358444
267,3.135633397102356,3.131245215733846,0.07436174899339676
268,3.146475446224213,3.143892288208008,0.07510417699813843
269,3.1566979765892027,3.1536519527435303,0.06477966904640198
270,3.146372604370117,3.1338855425516763,0.0540718212723732
271,3.142892670631409,3.156955083211263,0.062487564980983734
272,3.1670088171958923,3.1684179306030273,0.07008223980665207
273,3.1595113396644594,3.1475836435953775,0.06252992898225784
274,3.1509535193443297,3.1622711022694907,0.06381942331790924
275,3.146951937675476,3.131797472635905,0.06550665199756622
276,3.1664920926094053,3.1653331915537515,0.06252428144216537
277,3.1492575645446776,3.1609857082366943,0.05692275986075401
278,3.149334716796875,3.182667891184489,0.06384652107954025
279,3.165888273715973,3.173666556676229,0.06292858719825745
280,3.1455685019493105,3.157329559326172,0.05941544100642204
281,3.1427532911300657,3.1304489771525064,0.07090562582015991
282,3.1465174078941347,3.1374918619791665,0.06536697596311569
283,3.1443222045898436,3.1055637200673423,0.06337325274944305
284,3.135556936264038,3.0979299545288086,0.06538853049278259
285,3.1381691694259644,3.1633354028066,0.06510919332504272
286,3.1466447591781614,3.1627145608266196,0.06707988679409027
287,3.145324182510376,3.1442670027414956,0.06808134913444519
288,3.1465429186820986,3.1312687397003174,0.06301605701446533
289,3.145095908641815,3.133089621861776,0.07565595954656601
290,3.136275792121887,3.12460994720459,0.07647779583930969
291,3.144480121135712,3.160714944203695,0.04830615967512131
292,3.154754114151001,3.167095979054769,0.05394626781344414
293,3.180061089992523,3.1426897048950195,0.06082197651267052
294,3.152791380882263,3.1876579920450845,0.061918195337057114
295,3.1912195920944213,3.1604928970336914,0.08394666761159897
296,3.154265344142914,3.124409039815267,0.06914384663105011
297,3.151988410949707,3.1056764920552573,0.06471922248601913
298,3.1359622955322264,3.122950315475464,0.07075150310993195
299,3.15281081199646,3.1736019452412925,0.07031616568565369
300,3.165714967250824,3.270396073659261,0.05746694654226303
301,3.1943240642547606,3.1582085291544595,0.06968788802623749
302,3.1702816486358643,3.1336570580800376,0.06907755136489868
303,3.154634439945221,3.1378881136576333,0.06287072598934174
304,3.1540321588516234,3.176976760228475,0.055514607578516006
305,3.1712829947471617,3.177483161290487,0.048162732273340225
306,3.1560127973556518,3.164644638697306,0.06630928814411163
307,3.1521066665649413,3.1511054039001465,0.05846615880727768
308,3.1662905335426332,3.159177382787069,0.08694438636302948
309,3.154619777202606,3.1344970067342124,0.05669223144650459
310,3.1512645363807676,3.1496541500091553,0.05883105844259262
311,3.284485697746277,7.541087945302327,0.03787878900766373
312,5.0647247672081,4.860361417134603,0.02900664322078228
313,4.990899872779846,5.458985964457194,0.031498659402132034
314,5.049573183059692,4.234610557556152,0.029512379318475723
315,3.9042760848999025,3.6282166639963784,0.03030303120613098
316,4.97804548740387,4.592911561330159,0.03129468113183975
317,4.06496707201004,3.6038939158121743,0.028896812349557877
318,3.495004415512085,3.3713653087615967,0.029680641368031502
319,3.3961830496788026,3.3158852259318032,0.033663444221019745
320,3.331646776199341,3.2823161284128823,0.047847311943769455
321,3.2999019503593443,3.252068519592285,0.043816544115543365
322,3.2735267519950866,3.1964094638824463,0.04634764790534973
323,3.252388608455658,3.2248849074045816,0.04497528821229935
324,3.2396385788917543,3.2111004988352456,0.047344453632831573
325,3.229106676578522,3.197683572769165,0.0496041476726532
326,3.213803255558014,3.1877973079681396,0.05044056475162506
327,3.224747955799103,3.182025114695231,0.048074111342430115
328,3.198034942150116,3.171306530634562,0.04987715184688568
329,3.1922112464904786,3.1612279415130615,0.050713568925857544
330,3.184915328025818,3.2021063963572183,0.04944034665822983
331,3.2002893447875977,3.165822188059489,0.04595959559082985
332,3.1899784564971925,3.166541655858358,0.04940072447061539
333,3.1845131039619448,3.1743931770324707,0.04237779974937439
334,3.1967094779014587,3.1549250284830728,0.048594050109386444
335,3.1859028458595278,3.154175281524658,0.04987715184688568
336,3.166877102851868,3.1559338569641113,0.0489901565015316
337,3.173487734794617,3.140711784362793,0.04794877767562866
338,3.1769235014915465,3.1601456801096597,0.05151515454053879
339,3.192064714431763,3.149515946706136,0.04606103524565697
340,3.1799339771270754,3.1726884841918945,0.046491947025060654
341,3.1691339135169985,3.1664385000864663,0.048557281494140625
342,3.1788756608963014,3.1281935373942056,0.04860623925924301
343,3.188074803352356,3.120490392049154,0.051034633070230484
344,3.1795735478401186,3.133941332499186,0.04890799894928932
345,3.156715154647827,3.173330068588257,0.04735810309648514
346,3.1704181671142577,3.1069255669911704,0.051856402307748795
347,3.1646160364151,3.10978897412618,0.049372099339962006
348,3.168032872676849,3.114277203877767,0.05046410113573074
349,3.1687954664230347,3.116495927174886,0.05280410498380661
350,3.1692249298095705,3.1456048488616943,0.05344398319721222
351,3.163590371608734,3.1506020228068032,0.053470827639102936
352,3.1681499242782594,3.167772054672241,0.05976611375808716
353,3.159457337856293,3.13590137163798,0.055425260215997696
354,3.1613207817077638,3.1404062112172446,0.05336907505989075
355,3.1691306710243223,3.1423927942911782,0.0526195652782917
356,3.1554803013801576,3.0904871622721353,0.05363710969686508
357,3.1521711349487305,3.0958940982818604,0.05014429986476898
358,3.158194363117218,3.1407077312469482,0.05364455282688141
359,3.1584656953811647,3.1128742694854736,0.05507013946771622
360,3.1531026005744933,3.1352501710255942,0.05686464160680771
361,3.154805862903595,3.167742967605591,0.051433250308036804
362,3.167239773273468,3.139437278111776,0.05257342755794525
363,3.1591235399246216,3.113560914993286,0.05252525210380554
364,3.158949315547943,3.1275815963745117,0.04960932582616806
365,3.1576581597328186,3.1542912324269614,0.05344600975513458
366,3.1511993050575255,3.1023542881011963,0.052550069987773895
367,3.1495437145233156,3.132146199544271,0.05212195962667465
368,3.143272113800049,3.1350133419036865,0.0532044842839241
369,3.1479141116142273,3.139463265736898,0.061925604939460754
370,3.1485220789909363,3.1395651499430337,0.051479168236255646
371,3.147170341014862,3.1253364086151123,0.053731419146060944
372,3.15139102935791,3.1086060206095376,0.052382901310920715
373,3.145010697841644,3.1342360973358154,0.06330131739377975
374,3.1536219239234926,3.1285479068756104,0.06258530914783478
375,3.147168278694153,3.1487085819244385,0.06153922528028488
376,3.1619264125823974,3.1653342247009277,0.07045841217041016
377,3.156947708129883,3.103632688522339,0.06984712183475494
378,3.1415159583091734,3.134967565536499,0.07405514270067215
379,3.1530611515045166,3.1172993977864585,0.057322610169649124
380,3.151231288909912,3.125415325164795,0.06761720776557922
381,3.1491520762443543,3.1107558409372964,0.06579919159412384
382,3.1511919260025025,3.1393885612487793,0.059424713253974915
383,3.142155134677887,3.1392316818237305,0.06646192073822021
384,3.1421027541160584,3.131281773249308,0.06482674926519394
385,3.1474907636642455,3.132874329884847,0.05910331755876541
386,3.1517221093177796,3.111920118331909,0.064714714884758
387,3.1380354166030884,3.113504727681478,0.06596183031797409
388,3.136292338371277,3.134570519129435,0.06747858226299286
389,3.140070080757141,3.1311835447947183,0.06567642092704773
390,3.136804389953613,3.1095633506774902,0.06561561673879623
391,3.1328635573387147,3.13753612836202,0.06277641654014587
392,3.1413153052330016,3.1280504862467446,0.053869158029556274
393,3.1419116139411924,3.13704506556193,0.0742904543876648
394,3.1424612283706663,3.153341372807821,0.08071380853652954
395,3.148517835140228,3.122215191523234,0.07470877468585968
396,3.1445424914360047,3.1376558939615884,0.05157595872879028
397,3.135866916179657,3.1197732289632163,0.07492244243621826
398,3.1343569278717043,3.107844511667887,0.07613233476877213
399,3.133086097240448,3.1380393505096436,0.05281810835003853
400,3.155709743499756,3.1495274702707925,0.06513786315917969
401,3.140899622440338,3.1265530586242676,0.04964509978890419
402,3.1438747882843017,3.145273526509603,0.06058139726519585
403,3.148138403892517,3.1370619932810464,0.07192812860012054
404,3.148750364780426,3.1357489426930747,0.0661880224943161
405,3.155978763103485,3.181533098220825,0.08153439313173294
406,3.1594366669654845,3.181800921758016,0.04819819703698158
407,3.1539753675460815,3.156153599421183,0.07020051777362823
408,3.1473321437835695,3.128140687942505,0.06768918037414551
409,3.143516314029694,3.171464761098226,0.054456111043691635
410,3.1505279541015625,3.125202258427938,0.05588720738887787
411,3.13667471408844,3.131558577219645,0.06042737141251564
412,3.1388105392456054,3.171795050303141,0.06304197013378143
413,3.148060607910156,3.133500417073568,0.07369363307952881
414,3.1462281703948975,3.150669495264689,0.0521710067987442
415,3.1610702157020567,3.162766615549723,0.06022895127534866
416,3.1447226762771607,3.149012645085653,0.06438109278678894
417,3.1534369826316833,3.1402573585510254,0.06504267454147339
418,3.1566040754318236,3.217436949412028,0.06279999017715454
419,3.154326331615448,3.141721566518148,0.06277641654014587
420,3.136854684352875,3.1262197494506836,0.07618720829486847
421,3.1354071617126467,3.175675948460897,0.07609137892723083
422,3.1395053386688234,3.127964735031128,0.07544393837451935
423,3.136149001121521,3.157620668411255,0.07334151864051819
424,3.130790114402771,3.127812703450521,0.07800450921058655
425,3.132096064090729,3.149040460586548,0.07057089358568192
426,3.145790731906891,3.1491216818491616,0.07489018142223358
427,3.1454025149345397,3.211556831995646,0.05530737340450287
428,3.1609514117240907,3.1792105038960776,0.0715099424123764
429,3.140124022960663,3.181023359298706,0.0745876207947731
430,3.1695223450660706,3.1514739195505777,0.06980907171964645
431,3.5537216663360596,4.223123232523601,0.03461621701717377
432,5.341451740264892,4.58438762029012,0.03264336287975311
433,4.6356638193130495,3.999291102091471,0.03055586665868759
434,3.798812210559845,3.466808239618937,0.028348613530397415
435,3.395996880531311,3.3137369950612388,0.03461794555187225
436,3.3084370613098146,3.25610343615214,0.03888889029622078
437,3.2613751173019407,3.211846192677816,0.0438758060336113
438,3.2392874002456664,3.1883806387583413,0.042888343334198
439,3.218859922885895,3.232958952585856,0.049824588000774384
440,3.2144805788993835,3.1780519485473633,0.04692874848842621
441,3.2040928959846497,3.204026699066162,0.06942397356033325
442,3.1901249527931212,3.167543967564901,0.05462421476840973
443,3.2033410906791686,3.176983912785848,0.05890282988548279
444,3.185376155376434,3.1519458293914795,0.055723078548908234
445,3.1807729601860046,3.186588684717814,0.05108693614602089
446,3.185789370536804,3.1701972484588623,0.04990445077419281
447,3.1709264159202575,3.1576743125915527,0.05065520107746124
448,3.179129219055176,3.154509941736857,0.05306731164455414
449,3.1701502561569215,3.1697540283203125,0.05633340775966644
450,3.1744004845619203,3.1473527749379477,0.049727000296115875
451,3.161938750743866,3.165537118911743,0.05069739371538162
452,3.181729018688202,3.163242737452189,0.06276892125606537
453,3.1796998143196107,3.130679448445638,0.04599201679229736
454,3.162555658817291,3.157260258992513,0.048964254558086395
455,3.170876610279083,3.127809445063273,0.053937412798404694
456,3.16022412776947,3.1396928628285727,0.06337906420230865
457,3.1606555223464965,3.1377323468526206,0.05297570675611496
458,3.1608777046203613,3.1405816078186035,0.057390373200178146
459,3.155863332748413,3.17589004834493,0.048313602805137634
460,3.1834133744239805,3.1440021991729736,0.049727000296115875
461,3.168087530136108,3.1270334720611572,0.05775460973381996
462,3.158441591262817,3.15924866994222,0.050887249410152435
463,3.1647854089736938,3.126932700475057,0.051856402307748795
464,3.157929980754852,3.121302843093872,0.051897354423999786
465,3.1595051646232606,3.1529854933420816,0.06186366081237793
466,3.1509377121925355,3.2098716100056968,0.05425261706113815
467,3.1750258803367615,3.1336939334869385,0.05099806934595108
468,3.1624290585517882,3.1605820655822754,0.053503017872571945
469,3.1500802278518676,3.1440935134887695,0.05135135352611542
470,3.1509854793548584,3.1434775988260903,0.05483121797442436
471,3.158204805850983,3.1622610092163086,0.07151738554239273
472,3.158259618282318,3.135268449783325,0.07582706212997437
473,3.153179442882538,3.120225667953491,0.05038220062851906
474,3.156612229347229,3.1764792601267495,0.06980594992637634
475,3.159121799468994,3.16639773050944,0.05888400226831436
476,3.1623431921005247,3.216542879740397,0.06740377098321915
477,3.1502052545547485,3.1632841428120932,0.04688779637217522
478,3.1456032752990724,3.1390440464019775,0.050012342631816864
479,3.142894971370697,3.135722796122233,0.052604492753744125
480,3.165697145462036,3.127966562906901,0.048048049211502075
481,3.172092580795288,3.1296684741973877,0.05065520107746124
482,3.1494290113449095,3.132766087849935,0.05985916405916214
483,3.1567617654800415,3.2074970404307046,0.04349762946367264
484,3.153589463233948,3.1655121644337973,0.06617403030395508
485,3.149848020076752,3.1380937894185386,0.06709478795528412
486,3.1400269865989685,3.131572167078654,0.05222371220588684
487,3.1422746896743776,3.1550962130228677,0.05761244148015976
488,3.155937922000885,3.174201409022013,0.06326885521411896
489,3.15855633020401,3.1565965016682944,0.05386916175484657
490,3.1585649967193605,3.1591366132100425,0.047528110444545746
491,3.1471206307411195,3.154694398244222,0.05057330057024956
492,3.1560038208961485,3.161824623743693,0.05105216056108475
493,3.1592590689659117,3.146944284439087,0.05331198871135712
494,3.142722225189209,3.162196477254232,0.05737441033124924
495,3.1445131301879883,3.134934345881144,0.06437767297029495
496,3.139469361305237,3.220555623372396,0.045347828418016434
497,3.167266309261322,3.1845393975575766,0.05539175495505333
498,3.161805295944214,3.1093803246816,0.05396135896444321
499,3.138250231742859,3.1193281014760337,0.05061425268650055
500,3.1383736371994018,3.146669626235962,0.057677511125802994
501,3.1493956446647644,3.1936837832132974,0.07546596229076385
502,3.149446392059326,3.1195015907287598,0.049563199281692505
503,3.1396013617515566,3.1287472248077393,0.050549767911434174
504,3.1419751763343813,3.123103459676107,0.05061425268650055
505,3.1758809089660645,3.1953581968943277,0.05005336180329323
506,3.170803463459015,3.1487741470336914,0.049918100237846375
507,3.1469828128814696,3.147334337234497,0.05620875954627991
508,3.139960825443268,3.151014725367228,0.051029957830905914
509,3.1394208312034606,3.1278061072031655,0.05765145644545555
510,3.1440299272537233,3.1474900245666504,0.052417293190956116
511,3.140343165397644,3.1233853499094644,0.05488155037164688
512,3.1423585295677183,3.128481308619181,0.05583880841732025
513,3.146876132488251,3.1103638807932534,0.06400527060031891
514,3.146237480640411,3.1650447050730386,0.05797208100557327
515,3.1593870759010314,3.1837225755055747,0.05580001324415207
516,3.1544397473335266,3.1228617827097573,0.07132132351398468
517,3.1341245412826537,3.103553613026937,0.05855775251984596
518,3.122636103630066,3.1268717447916665,0.07137348502874374
519,3.139284646511078,3.1314998467763266,0.06058318167924881
520,3.1292790293693544,3.117791016896566,0.058346495032310486
521,3.139868068695068,3.1154868602752686,0.06637514382600784
522,3.132895517349243,3.115723450978597,0.05921008065342903
523,3.1363301992416384,3.0977629025777182,0.051433250308036804
524,3.142583096027374,3.119476636250814,0.05453180521726608
525,3.1540653109550476,3.097559372584025,0.05703330785036087
526,3.142857789993286,3.1246694723765054,0.07232397794723511
527,3.145171058177948,3.124948501586914,0.05896061286330223
528,3.1493349432945252,3.114627202351888,0.04985605180263519
529,3.1390655636787415,3.1503917376200357,0.07706797868013382
530,3.1300243973731994,3.1728552182515464,0.05031216889619827
531,3.137489652633667,3.1333189010620117,0.05096915364265442
532,3.1414398670196535,3.1362901528676352,0.059482600539922714
533,3.134563481807709,3.1060996850331626,0.0680515244603157
534,3.1364129304885866,3.114084084828695,0.07255762815475464
535,3.1290854692459105,3.1555657386779785,0.061749935150146484
536,3.1414841532707216,3.1112445990244546,0.05522124469280243
537,3.1354756712913514,3.1105663776397705,0.048782385885715485
538,3.138103520870209,3.108001232147217,0.049727000296115875
539,3.1525303959846496,3.1366162300109863,0.05491196736693382
540,3.1428741216659546,3.1117759545644126,0.08066435158252716
541,3.1333476185798643,3.1490023930867515,0.07623262703418732
542,3.134728419780731,3.160402456919352,0.05718742311000824
543,3.1243518352508546,3.1233674685160318,0.0574314147233963
544,3.1238654017448426,3.1242825984954834,0.060542166233062744
545,3.133570742607117,3.1431662241617837,0.05995891988277435
546,3.1330658078193663,3.2019143104553223,0.05058819055557251
547,3.1468079805374147,3.1112273534139,0.06686471402645111
548,3.128158974647522,3.1369128227233887,0.06996704638004303
549,3.131742477416992,3.1279731591542563,0.06245501711964607
550,3.152580177783966,3.1381188233693442,0.04776015877723694
551,3.132293975353241,3.156086047490438,0.06038394197821617
552,3.132518434524536,3.1141912937164307,0.05313950404524803
553,3.1288888812065125,3.1294392744700112,0.06086936965584755
554,3.128277063369751,3.1369497776031494,0.057835109531879425
555,3.132218134403229,3.1493167877197266,0.07264537364244461
556,3.1432617783546446,3.119951009750366,0.052264660596847534
557,3.1331468343734743,3.1462849775950112,0.05278460681438446
558,3.1363160967826844,3.116572936375936,0.05741211399435997
559,3.127812683582306,3.1135454177856445,0.051772020757198334
560,3.1221007108688354,3.1230616569519043,0.056764867156744
561,3.1203120231628416,3.1257782777150473,0.051634281873703
562,3.1199965715408324,3.1316440105438232,0.05459138751029968
563,3.1168488025665284,3.1281150182088218,0.06293483078479767
564,3.1180583953857424,3.1005722681681314,0.052170660346746445
565,3.123344326019287,3.1356986363728843,0.05324963852763176
566,3.136121451854706,3.1347745259602866,0.06441500037908554
567,3.1219388484954833,3.1300834814707437,0.06327584385871887
568,3.1299312353134154,3.117377440134684,0.09373440593481064
569,3.1219417095184325,3.1382130781809487,0.06102300435304642
570,3.115264081954956,3.135676701863607,0.05660504847764969
571,3.117782211303711,3.14400307337443,0.06567642092704773
572,3.114528274536133,3.1688543955485025,0.06273017078638077
573,3.121991682052612,3.13155206044515,0.057972412556409836
574,3.114349329471588,3.127593676249186,0.05487292259931564
575,3.118005800247192,3.130943775177002,0.06357680261135101
576,3.11460520029068,3.1160764694213867,0.06655104458332062
577,3.115631079673767,3.1592962741851807,0.056678906083106995
578,3.1301188468933105,3.1169251600901284,0.06536991894245148
579,3.119509243965149,3.123840093612671,0.06028978154063225
580,3.1188524961471558,3.153592824935913,0.07267437130212784
581,3.1264619708061216,3.1336015860239663,0.05038220062851906
582,3.117738151550293,3.1335001786549888,0.05611016973853111
583,3.125211405754089,3.1928574244181314,0.05280906334519386
584,3.136346364021301,3.1524034341176352,0.049399398267269135
585,3.1215839743614198,3.141480286916097,0.05616755783557892
586,3.1186147332191467,3.1348777612050376,0.07113021612167358
587,3.122064244747162,3.1319907506306968,0.07789209485054016
588,3.1260953307151795,3.1456380685170493,0.052936166524887085
589,3.1271067380905153,3.1255205472310386,0.06052416190505028
590,3.12689346075058,3.1477323373158774,0.06254886835813522
591,3.1127551794052124,3.1262436707814536,0.061029210686683655
592,3.1185445308685305,3.139063278834025,0.05104462802410126
593,3.1307279586791994,3.1430094242095947,0.059863388538360596
594,3.1254446625709535,3.111909548441569,0.05787605792284012
595,3.1216397285461426,3.1266189416249595,0.07484923303127289
596,3.118625211715698,3.114091714223226,0.05512472987174988
597,3.12864009141922,3.1156513690948486,0.06553371250629425
598,3.1281619906425475,3.14762012163798,0.05215670168399811
599,3.123660087585449,3.121835947036743,0.061949968338012695
600,3.11132949590683,3.1165080865224204,0.052232980728149414
601,3.1199416160583495,3.15295139948527,0.054763853549957275
602,3.1140060305595396,3.1059024333953857,0.05296037346124649
603,3.114130473136902,3.137314478556315,0.055031564086675644
604,3.1158992409706117,3.1467932860056558,0.06507985293865204
605,3.114460265636444,3.1111249128977456,0.052825555205345154
606,3.1154470324516295,3.1093362967173257,0.06086637079715729
607,3.1111385464668273,3.149747292200724,0.05471523851156235
608,3.1239122271537783,3.1505746046702066,0.05615925043821335
609,3.1102335691452025,3.1304747263590493,0.05335045978426933
610,3.118458127975464,3.0994513829549155,0.07110912352800369
611,3.1198530554771424,3.139880418777466,0.08472084999084473
612,3.1218016028404234,3.114814281463623,0.08487579226493835
613,3.122511124610901,3.1220815181732178,0.06797707080841064
614,3.1170965313911436,3.125269969304403,0.06852306425571442
615,3.115828001499176,3.104282855987549,0.08078698813915253
616,3.1082965612411497,3.111114978790283,0.06952572613954544
617,3.1190966248512266,3.1414171059926352,0.08216733485460281
618,3.1314424157142637,3.1119763056437173,0.08344750106334686
619,3.1159645676612855,3.1122549374898276,0.051078349351882935
620,3.1089173197746276,3.1137634913126626,0.05791700631380081
621,3.1055511951446535,3.1594024499257407,0.04958220571279526
622,3.108802056312561,3.163050572077433,0.05713895708322525
623,3.11262583732605,3.1219300429026284,0.058944303542375565
624,3.113227367401123,3.1238911946614585,0.07843297719955444
625,3.1056639075279238,3.0993148485819497,0.058736011385917664
626,3.1074098348617554,3.146063804626465,0.09104695171117783
627,3.127134847640991,3.157726526260376,0.05953887850046158
628,3.1196851253509523,3.114183266957601,0.08172241598367691
629,3.110423767566681,3.113819440205892,0.09109912067651749
630,3.1063979029655457,3.1172314484914145,0.06858143210411072
631,3.1128754734992983,3.1305035750071206,0.09166853129863739
632,3.1085694074630736,3.1127222379048667,0.08060333132743835
633,3.099513816833496,3.1529698371887207,0.05688457190990448
634,3.10707825422287,3.1198259194691977,0.06751296669244766
635,3.1083542585372923,3.1188713709513345,0.07408696413040161
636,3.1021015644073486,3.1127593517303467,0.083865687251091
637,3.1047993898391724,3.119754155476888,0.08356166630983353
638,3.1067290186882017,3.127824862798055,0.07163527607917786
639,3.115512800216675,3.118142286936442,0.05297570675611496
640,3.110491955280304,3.1352346738179526,0.08330684155225754
641,3.1147778272628783,3.150070587793986,0.05495680123567581
642,3.1053582787513734,3.1611135005950928,0.0608033686876297
643,3.109474778175354,3.130309820175171,0.06883701682090759
644,3.111501944065094,3.115675608317057,0.08428146690130234
645,3.11299614906311,3.126401662826538,0.07095643132925034
646,3.1061516880989073,3.1027109622955322,0.0713188424706459
647,3.1005800366401672,3.122121493021647,0.07765493541955948
648,3.1041827917099,3.11952797571818,0.07936862856149673
649,3.097699236869812,3.1522063414255777,0.0766206830739975
650,3.113665294647217,3.1162935892740884,0.07269873470067978
651,3.1229055643081667,3.118967294692993,0.05286650359630585
652,3.1146384477615356,3.1413360436757407,0.06244741007685661
653,3.110953652858734,3.1256515185038247,0.06122651696205139
654,3.1011708855628966,3.103022575378418,0.05237886682152748
655,3.0950368642807007,3.12526798248291,0.08098934590816498
656,3.095392918586731,3.135051647822062,0.07938285917043686
657,3.0971334099769594,3.108213265736898,0.07691782712936401
658,3.1032885193824766,3.129394054412842,0.05798880755901337
659,3.104599487781525,3.137375593185425,0.0501166433095932
660,3.0992852091789245,3.119358936945597,0.0594853013753891
661,3.0951593637466432,3.1422976652781167,0.08234801143407822
662,3.1038621068000793,3.1452956994374595,0.05318045616149902
663,3.095399761199951,3.105303923288981,0.07736083120107651
664,3.1012656807899477,3.1048752466837564,0.05417194217443466
665,3.112958109378815,3.121889591217041,0.07238974422216415
666,3.110907423496246,3.105562925338745,0.05439136177301407
667,3.107337975502014,3.090710004170736,0.059385914355516434
668,3.0854936599731446,3.113464037577311,0.05133025720715523
669,3.0988152980804444,3.1013236045837402,0.06914149224758148
670,3.08974426984787,3.115679979324341,0.06130221113562584
671,3.0901092767715452,3.1168413162231445,0.06130221113562584
672,3.095672142505646,3.120912949244181,0.06752289831638336
673,3.0944291710853578,3.1087051232655845,0.051501501351594925
674,3.1013166904449463,3.1422927379608154,0.07248405367136002
675,3.102768266201019,3.1192615826924643,0.0819743201136589
676,3.0984017491340636,3.1055025259653726,0.05829176306724548
677,3.088188135623932,3.117215553919474,0.07722805440425873
678,3.091327929496765,3.1222843329111734,0.0889732763171196
679,3.090132486820221,3.1068533261617026,0.05861315876245499
680,3.096634638309479,3.1163877646128335,0.07982776314020157
681,3.1022985339164735,3.120769182840983,0.08101655542850494
682,3.0912891387939454,3.122485876083374,0.09126973897218704
683,3.0910561442375184,3.105294863382975,0.05810810998082161
684,3.090984380245209,3.118021806081136,0.0534663200378418
685,3.0833690643310545,3.124943812688192,0.06000550091266632
686,3.097172164916992,3.1273626486460366,0.06339314579963684
687,3.0998984694480898,3.109822670618693,0.07574144750833511
688,3.0940534472465515,3.103307565053304,0.06887796521186829
689,3.09315288066864,3.100318749745687,0.05805942416191101
690,3.091157650947571,3.1417773564656577,0.07104583829641342
691,3.0879354238510133,3.141234795252482,0.0491982102394104
692,3.0892318964004515,3.106107791264852,0.07604686170816422
693,3.0859090209007265,3.099517583847046,0.07312437146902084
694,3.080274450778961,3.1028570334116616,0.08178716152906418
695,3.08481570482254,3.1141180992126465,0.05670633539557457
696,3.101673257350922,3.0916534264882407,0.06422033160924911
697,3.083433675765991,3.102043549219767,0.050109200179576874
698,3.088670527935028,3.13142196337382,0.0822492390871048
699,3.0945117831230164,3.1121629079182944,0.08399556577205658
700,3.099411594867706,3.1136555671691895,0.05759664624929428
701,3.093064475059509,3.11003049214681,0.09266746044158936
702,3.0891920804977415,3.1210975646972656,0.06951455771923065
703,3.091319668292999,3.12148650487264,0.07861664146184921
704,3.0942812323570252,3.1146737734476724,0.07660388201475143
705,3.0918630599975585,3.1068684260050454,0.0718822106719017
706,3.0855860233306887,3.101951837539673,0.08461497724056244
707,3.083196747303009,3.0982394218444824,0.06293901801109314
708,3.0829827427864074,3.123074213663737,0.07935870438814163
709,3.0842865705490112,3.1083536942799888,0.06769289821386337
710,3.079898166656494,3.1208272775014243,0.08261857181787491
711,3.0856413006782533,3.125434637069702,0.08089866489171982
712,3.088190186023712,3.1220077673594155,0.08169996738433838
713,3.083976137638092,3.1225608189900718,0.050955500453710556
714,3.0870092153549193,3.1025124390920005,0.07931278645992279
715,3.08318510055542,3.10256020228068,0.08193731307983398
716,3.0850719809532166,3.1159555912017822,0.08120743185281754
717,3.0875096201896666,3.130903641382853,0.0564701072871685
718,3.0871414661407472,3.1086018085479736,0.07861878722906113
719,3.0818161725997926,3.121424833933512,0.0810137465596199
720,3.079516589641571,3.122932275136312,0.07939965277910233
721,3.0803044199943543,3.102311054865519,0.08804831653833389
722,3.0883971452713013,3.0962045987447104,0.06736409664154053
723,3.0771079421043397,3.110078811645508,0.08581391721963882
724,3.073241114616394,3.109745422999064,0.09374456852674484
725,3.0702651023864744,3.115389347076416,0.0875462219119072
726,3.080221104621887,3.1261585553487143,0.062068693339824677
727,3.082757866382599,3.1106292406717935,0.06674236059188843
728,3.0843174934387205,3.127914031346639,0.08442717790603638
729,3.086625599861145,3.115805228551229,0.068109430372715
730,3.0831559777259825,3.1301774183909097,0.06446872651576996
731,3.0756668567657472,3.1135761737823486,0.07509617507457733
732,3.0784383416175842,3.1333018143971763,0.058026209473609924
733,3.0738251566886903,3.126127004623413,0.07870597392320633
734,3.074912357330322,3.1273203690846763,0.08588556200265884
735,3.074849212169647,3.131539742151896,0.08594057708978653
736,3.072346568107605,3.110382556915283,0.07319455593824387
737,3.0795671105384828,3.1301628748575845,0.0795932337641716
738,3.0707183718681335,3.133106231689453,0.08788862079381943
739,3.075229489803314,3.130835692087809,0.07630234211683273
740,3.0783305048942564,3.125362237294515,0.08308515697717667
741,3.076319622993469,3.116886536280314,0.08208942413330078
742,3.077080988883972,3.1268678506215415,0.08319840580224991
743,3.075480270385742,3.129575252532959,0.08168056607246399
744,3.0767083406448363,3.111967086791992,0.06476311385631561
745,3.0745952010154722,3.110525131225586,0.07700841873884201
746,3.072224187850952,3.1137851079305015,0.06883701682090759
747,3.073155069351196,3.106604814529419,0.07830268144607544
748,3.0700915336608885,3.1266475518544516,0.06995631754398346
749,3.0869556069374084,3.108745574951172,0.08548755198717117
750,3.0747395634651182,3.1171160538991294,0.07675779610872269
751,3.078861856460571,3.1181796391805015,0.07358940690755844
752,3.0699994564056396,3.1260146299997964,0.07846027612686157
753,3.07252699136734,3.1264769236246743,0.08377633988857269
754,3.0689483761787413,3.1149109999338784,0.08207257091999054
755,3.0757822513580324,3.1462573210398355,0.08604596555233002
756,3.084143507480621,3.1099499066670737,0.07069341838359833
757,3.076213562488556,3.11958909034729,0.08129965513944626
758,3.0771915555000304,3.1000163555145264,0.05812317505478859
759,3.0704492211341856,3.1372176806131997,0.06699901819229126
760,3.085761916637421,3.1411221822102866,0.08005719631910324
761,3.073508453369141,3.1071736812591553,0.08139131218194962
762,3.0767295956611633,3.1305708090464273,0.08224009722471237
763,3.068242812156677,3.106582005818685,0.06890279054641724
764,3.065183866024017,3.1008311112721763,0.08192039281129837
765,3.0703664898872374,3.123789389928182,0.08234556764364243
766,3.0788485527038576,3.1133782863616943,0.07941634207963943
767,3.071957302093506,3.130558888117472,0.08577801287174225
768,3.0716798543930053,3.1254049142201743,0.06378035247325897
769,3.072344756126404,3.114229361216227,0.08022609353065491
770,3.0637123584747314,3.100027561187744,0.08087384700775146
771,3.0635192036628722,3.0975329081217446,0.07853472977876663
772,3.0645137429237366,3.11798103650411,0.07935870438814163
773,3.062531280517578,3.107656160990397,0.061462290585041046
774,3.0612156987190247,3.100913921991984,0.08287543803453445
775,3.057438850402832,3.111060619354248,0.08668224513530731
776,3.0594955921173095,3.109497626622518,0.08200307935476303
777,3.061179506778717,3.123243808746338,0.08374238014221191
778,3.059712517261505,3.114927132924398,0.05913558229804039
779,3.059324014186859,3.1150219440460205,0.07810786366462708
780,3.056920862197876,3.126397450764974,0.08420974016189575
781,3.062676560878754,3.125229517618815,0.07701338082551956
782,3.0541700959205627,3.112506866455078,0.08404507488012314
783,3.0557618141174316,3.119978427886963,0.0830618366599083
784,3.0593291878700257,3.106674909591675,0.08246717602014542
785,3.057888090610504,3.1112258434295654,0.07251223176717758
786,3.0676240801811216,3.123183012008667,0.08202541619539261
787,3.0601081371307375,3.115145762761434,0.08146406710147858
788,3.060340940952301,3.099522670110067,0.08146824687719345
789,3.059078562259674,3.1253653367360434,0.05929570645093918
790,3.0555278658866882,3.102036714553833,0.08754650503396988
791,3.062874984741211,3.116670846939087,0.08366262912750244
792,3.059888017177582,3.112391153971354,0.08374237269163132
793,3.0550042271614073,3.110593398412069,0.08322717994451523
794,3.0517978429794312,3.101945082346598,0.08449188619852066
795,3.0605942845344543,3.1190408865610757,0.08077535778284073
796,3.0519972801208497,3.1131245295206704,0.08051150292158127
797,3.0513739347457887,3.1109114487965903,0.0834813266992569
798,3.05333172082901,3.123088995615641,0.08308763802051544
799,3.0507696866989136,3.122265418370565,0.0816229060292244
800,3.052441680431366,3.1129822731018066,0.0733204260468483
801,3.054871213436127,3.1259048779805503,0.08122717589139938
802,3.056528699398041,3.1166083812713623,0.0901116356253624
803,3.0549068450927734,3.117397944132487,0.07314569503068924
804,3.0516274690628054,3.1217430432637534,0.08155139535665512
805,3.0493110179901124,3.1149307092030845,0.0730883777141571
806,3.0488319754600526,3.1155010064442954,0.08192072063684464
807,3.051029086112976,3.1315200328826904,0.08682472258806229
808,3.053064966201782,3.11936616897583,0.07252997159957886
809,3.0511587500572204,3.1134591102600098,0.08111349493265152
810,3.0490558981895446,3.1175222396850586,0.08850644528865814
811,3.049664628505707,3.1301063696543374,0.08358771353960037
812,3.0546387076377868,3.122246424357096,0.0852624848484993
813,3.0503560423851015,3.1173925399780273,0.07872673869132996
814,3.048932194709778,3.12052051226298,0.08453283458948135
815,3.0486024498939512,3.1158076922098794,0.0758780911564827
816,3.047117054462433,3.1156790256500244,0.08470407873392105
817,3.045255661010742,3.1255455811818442,0.06016677990555763
818,3.0485116839408875,3.1176540851593018,0.08236280828714371
819,3.045606482028961,3.1097565491994223,0.0797528550028801
820,3.0484724760055544,3.1190345287323,0.06009683012962341
821,3.0481192111968993,3.111680587132772,0.07234631478786469
822,3.0451683163642884,3.1275576750437417,0.08387052267789841
823,3.0477917432785033,3.108706076939901,0.08466097712516785
824,3.0448162317276,3.1202325026194253,0.08464793115854263
825,3.043582892417908,3.1229772567749023,0.08274220675230026
826,3.0412206292152404,3.1208534240722656,0.07938732951879501
827,3.041501772403717,3.121514081954956,0.08510243147611618
828,3.044726300239563,3.1135618686676025,0.08452754467725754
829,3.0435091137886046,3.113751252492269,0.08359751850366592
830,3.0422919154167176,3.1120282808939614,0.08690082281827927
831,3.039273941516876,3.119420846303304,0.0855574980378151
832,3.0469356775283813,3.1134212811787925,0.08045072108507156
833,3.0416615843772887,3.1246438026428223,0.08662823587656021
834,3.043329179286957,3.12766440709432,0.08581585437059402
835,3.0437438011169435,3.1397696336110434,0.06481894850730896
836,3.045598256587982,3.116411288579305,0.07834408432245255
837,3.0408289313316343,3.1129298210144043,0.08581098169088364
838,3.0391324043273924,3.114255666732788,0.08729325234889984
839,3.0421918272972106,3.1178290843963623,0.0775514766573906
840,3.0448155045509337,3.115712801615397,0.08324477076530457
841,3.041218864917755,3.1258594195048013,0.08424540609121323
842,3.041322338581085,3.113095839818319,0.06830329447984695
843,3.042204034328461,3.1168607076009116,0.07641107589006424
844,3.03659451007843,3.1154332160949707,0.08336840569972992
845,3.0369659185409548,3.1212523778279624,0.0755118802189827
846,3.039080190658569,3.1154403686523438,0.07620260119438171
847,3.040367913246155,3.1197992960611978,0.08415592461824417
848,3.0359328031539916,3.113851467768351,0.0907212570309639
849,3.0336832642555236,3.1109373569488525,0.08773437887430191
850,3.039198648929596,3.1165496508280435,0.07810988277196884
851,3.038760280609131,3.119128465652466,0.0850813165307045
852,3.042140209674835,3.123458464940389,0.08024434000253677
853,3.038121283054352,3.1143782138824463,0.08457162976264954
854,3.037575340270996,3.122905651728312,0.08255662769079208
855,3.0398903369903563,3.120238780975342,0.0788191631436348
856,3.0402093648910524,3.1148303349812827,0.07612351328134537
857,3.0340450167655946,3.115146001180013,0.08635234087705612
858,3.0400120615959167,3.1224226156870523,0.08691074699163437
859,3.0372964262962343,3.1216041247049966,0.09046508371829987
860,3.035429322719574,3.1217776934305825,0.08457162976264954
861,3.0340993881225584,3.1149147351582847,0.08611081540584564
862,3.033277082443237,3.11994735399882,0.08778773993253708
863,3.034865987300873,3.119974215825399,0.07635987550020218
864,3.0370265007019044,3.126416047414144,0.0877421572804451
865,3.035916244983673,3.116713285446167,0.0868210718035698
866,3.0308938145637514,3.115214745203654,0.08653364330530167
867,3.0349000334739684,3.12308939297994,0.08737552911043167
868,3.037918746471405,3.1229468981424966,0.08610415458679199
869,3.0356489062309264,3.1215158303578696,0.08841638267040253
870,3.0331443786621093,3.122203826904297,0.08883664011955261
871,3.0306987524032594,3.1197633743286133,0.08617117255926132
872,3.0310152173042297,3.1197730700174966,0.0755581185221672
873,3.0294552087783813,3.117666006088257,0.08769343048334122
874,3.0295343160629273,3.1181791623433432,0.08507917076349258
875,3.0299797654151917,3.131339947382609,0.09007134288549423
876,3.029506742954254,3.1227713425954184,0.0783872976899147
877,3.0244831442832947,3.1227994759877524,0.08604087680578232
878,3.028060722351074,3.1214967568715415,0.07617191225290298
879,3.027294361591339,3.1197367509206138,0.08803661912679672
880,3.024363076686859,3.122833013534546,0.0861835777759552
881,3.029354512691498,3.132460832595825,0.08210304379463196
882,3.0248417019844056,3.1217689514160156,0.08627292513847351
883,3.025985312461853,3.1226574579874673,0.08645657449960709
884,3.0232990026474,3.1245654424031577,0.0861835777759552
885,3.0230976819992064,3.119645436604818,0.08627292513847351
886,3.0217627048492433,3.125539541244507,0.08693230152130127
887,3.0270322799682616,3.1255969206492105,0.08796428143978119
888,3.0240649342536927,3.12479575475057,0.08548245579004288
889,3.022040343284607,3.125011920928955,0.08498691767454147
890,3.0226243853569033,3.124258120854696,0.07547079771757126
891,3.0244043588638307,3.124629497528076,0.09155041724443436
892,3.0267637968063354,3.1236579418182373,0.0865459218621254
893,3.0262293934822084,3.123232444127401,0.08633963018655777
894,3.025521981716156,3.121098756790161,0.0883096233010292
895,3.023372745513916,3.12180757522583,0.08672957867383957
896,3.0233800649642943,3.1251630783081055,0.07699090987443924
897,3.02246435880661,3.1197901566823325,0.08727548271417618
898,3.0257580995559694,3.1290066242218018,0.08819182217121124
899,3.020147967338562,3.1245757738749185,0.08829063922166824
900,3.0235005259513854,3.120711882909139,0.08585721999406815
901,3.019287621974945,3.1224214235941568,0.08685978502035141
902,3.0197352528572083,3.124775012334188,0.08763783425092697
903,3.02037832736969,3.125314553578695,0.08782149106264114
904,3.021030104160309,3.1248034636179605,0.08796428889036179
905,3.0221773982048035,3.1235128243764243,0.0877637043595314
906,3.017718183994293,3.1239901383717856,0.0865459218621254
907,3.018096458911896,3.1230057875315347,0.08716434985399246
908,3.017357861995697,3.124220132827759,0.08776362240314484
909,3.0182238817214966,3.1232361793518066,0.08681892603635788
910,3.016919422149658,3.123180945714315,0.08707275986671448
911,3.019751262664795,3.122337023417155,0.0880536362528801
912,3.020605683326721,3.126093784968058,0.08817941695451736
913,3.017596888542175,3.1231014728546143,0.08672957867383957
914,3.0157304048538207,3.1232051849365234,0.08736492693424225
915,3.0193553924560548,3.123879591623942,0.08723463118076324
916,3.0174660682678223,3.12312920888265,0.0879233330488205
917,3.0163872480392455,3.124652067820231,0.0877637043595314
918,3.0154248237609864,3.1235592365264893,0.08855859190225601
919,3.0186081886291505,3.125178416570028,0.08749071508646011
920,3.0158549666404726,3.1266274452209473,0.08591058105230331
921,3.0176186203956603,3.1231912771860757,0.08681892603635788
922,3.011623728275299,3.126357158025106,0.08759697526693344
923,3.0146495699882507,3.128370443979899,0.08709193021059036
924,3.017533612251282,3.12616229057312,0.08981075137853622
925,3.016778266429901,3.131520907084147,0.08919447660446167
926,3.016993999481201,3.1275264422098794,0.07728966325521469
927,3.013404130935669,3.1254517237345376,0.08743511885404587
928,3.014080357551575,3.1248921553293862,0.08778054267168045
929,3.016397273540497,3.1240086555480957,0.08743511885404587
930,3.015589118003845,3.123910347620646,0.0870918408036232
931,3.017052960395813,3.124834934870402,0.08736483752727509
932,3.0129146933555604,3.124084234237671,0.08714528381824493
933,3.0178795576095583,3.12701948483785,0.08665706217288971
934,3.0117323279380797,3.1241490046183267,0.08696163445711136
935,3.0141595721244814,3.12382181485494,0.0870918408036232
936,3.0116309762001037,3.1226253509521484,0.08778054267168045
937,3.012377917766571,3.123266617457072,0.08743511885404587
938,3.011906659603119,3.1241868336995444,0.08723463118076324
939,3.0178979635238647,3.123870611190796,0.08737733215093613
940,3.0142823576927187,3.1236053307851157,0.08700249344110489
941,3.01443806886673,3.1256779034932456,0.08776146918535233
942,3.0123208284378054,3.1238900820414224,0.08723463118076324
943,3.011979269981384,3.1239798863728843,0.08819624781608582
944,3.0120123505592344,3.123218297958374,0.08869557827711105
945,3.0131977558135987,3.12422506014506,0.08716211467981339
946,3.011475610733032,3.126147508621216,0.08803447335958481
947,3.0096991062164307,3.123635450998942,0.0880068689584732
948,3.012086582183838,3.1249035199483237,0.08696163445711136
949,3.0145031213760376,3.128408114115397,0.08778063207864761
950,3.013399863243103,3.124117453893026,0.08757781982421875
951,3.013145411014557,3.1245370705922446,0.0868891105055809
952,3.01215078830719,3.124800443649292,0.0884692445397377
953,3.011684000492096,3.124999443689982,0.08769119530916214
954,3.012086021900177,3.1239256858825684,0.08743511885404587
955,3.012419271469116,3.124592145284017,0.08716211467981339
956,3.0116466879844666,3.1249804496765137,0.08743511885404587
957,3.01114422082901,3.124431610107422,0.08743511885404587
958,3.0104766726493835,3.1243351300557456,0.08723463118076324
959,3.0076837301254273,3.124625047047933,0.08819624781608582
960,3.0088550567626955,3.1245385011037192,0.08696163445711136
961,3.009414005279541,3.12422506014506,0.08743511885404587
962,3.0089064240455627,3.124272028605143,0.08743511885404587
963,3.0126523971557617,3.124920050303141,0.08743511885404587
964,3.0129656553268434,3.1254714330037436,0.08700249344110489
965,3.01341370344162,3.1244956652323403,0.08696163445711136
966,3.011770486831665,3.124986012776693,0.08716211467981339
967,3.0089183926582335,3.125145673751831,0.08743511885404587
968,3.012564992904663,3.125124216079712,0.08743511885404587
969,3.0110093355178833,3.1249829133351645,0.08716211467981339
970,3.0103156924247743,3.1248141129811606,0.08743511885404587
971,3.010025954246521,3.1251696745554605,0.08785081654787064
972,3.0126926422119142,3.124960501988729,0.08743511885404587
973,3.011348915100098,3.1249969005584717,0.08716211467981339
974,3.0078831553459167,3.125118891398112,0.08716211467981339
975,3.0112112522125245,3.1253106594085693,0.08716211467981339
976,3.0115311622619627,3.12481681505839,0.08716211467981339
977,3.0108394980430604,3.124669313430786,0.08716211467981339
978,3.011320924758911,3.124699831008911,0.08743511885404587
979,3.0100000977516173,3.124652942021688,0.08716211467981339
980,3.0074617981910707,3.124733050664266,0.08716211467981339
981,3.009146571159363,3.1246500809987388,0.08716211467981339
982,3.01011518239975,3.124610741933187,0.08743511885404587
983,3.0081997752189635,3.124765714009603,0.08716211467981339
984,3.011264145374298,3.124714215596517,0.08716211467981339
985,3.0089949131011964,3.124665101369222,0.08716211467981339
986,3.0066211938858034,3.1247005462646484,0.08716211467981339
987,3.0087260365486146,3.124662001927694,0.08716211467981339
988,3.012093710899353,3.1246467431386313,0.08716211467981339
989,3.0083678722381593,3.1247289975484214,0.08716211467981339
990,3.009600555896759,3.1246378421783447,0.08716211467981339
991,3.0104524731636046,3.124667485555013,0.08716211467981339
992,3.0116870164871217,3.1246870358784995,0.08716211467981339
993,3.008736026287079,3.124685287475586,0.08716211467981339
994,3.011805510520935,3.1246859232584634,0.08716211467981339
995,3.0049765348434447,3.124666134516398,0.08716211467981339
996,3.0093211770057677,3.1246742407480874,0.08716211467981339
997,3.0078020215034487,3.124670426050822,0.08716211467981339
998,3.0126951575279235,3.124669631322225,0.08716211467981339
999,3.0104750633239745,3.1246695518493652,0.08716211467981339
